[
	{
		"pkg": "@capacitor-community/background-geolocation",
		"classpath": "com.equimaps.capacitor_background_geolocation.BackgroundGeolocation"
	},
	{
		"pkg": "@capacitor-community/speech-recognition",
		"classpath": "com.getcapacitor.community.speechrecognition.SpeechRecognition"
	},
	{
		"pkg": "@capacitor-community/sqlite",
		"classpath": "com.getcapacitor.community.database.sqlite.CapacitorSQLitePlugin"
	},
	{
		"pkg": "@capacitor/app",
		"classpath": "com.capacitorjs.plugins.app.AppPlugin"
	},
	{
		"pkg": "@capacitor/app-launcher",
		"classpath": "com.capacitorjs.plugins.applauncher.AppLauncherPlugin"
	},
	{
		"pkg": "@capacitor/device",
		"classpath": "com.capacitorjs.plugins.device.DevicePlugin"
	},
	{
		"pkg": "@capacitor/filesystem",
		"classpath": "com.capacitorjs.plugins.filesystem.FilesystemPlugin"
	},
	{
		"pkg": "@capacitor/geolocation",
		"classpath": "com.capacitorjs.plugins.geolocation.GeolocationPlugin"
	},
	{
		"pkg": "@capacitor/local-notifications",
		"classpath": "com.capacitorjs.plugins.localnotifications.LocalNotificationsPlugin"
	},
	{
		"pkg": "@capacitor/push-notifications",
		"classpath": "com.capacitorjs.plugins.pushnotifications.PushNotificationsPlugin"
	},
	{
		"pkg": "@capacitor/screen-orientation",
		"classpath": "com.capacitorjs.plugins.screenorientation.ScreenOrientationPlugin"
	},
	{
		"pkg": "@capacitor/share",
		"classpath": "com.capacitorjs.plugins.share.SharePlugin"
	},
	{
		"pkg": "@capawesome-team/capacitor-android-foreground-service",
		"classpath": "io.capawesome.capacitorjs.plugins.foregroundservice.ForegroundServicePlugin"
	},
	{
		"pkg": "@capawesome/capacitor-background-task",
		"classpath": "io.capawesome.capacitorjs.plugins.backgroundtask.BackgroundTaskPlugin"
	}
]
